coin,ret_mean,ret_std,volumeto_mean,close_mean,cluster_kmeans,cluster_dbscan,cluster_hclust
ada,0.0013335991996300083,0.042048025754726964,31268497.83934066,0.5955747252747252,2,0,2
btc,0.0057608269845401735,0.031560148469995795,2168023849.3863735,53576.24736263736,0,1,1
eth,0.005346909995884286,0.032552344026679406,472683.1037472527,2919.8891208791206,1,2,0
