coin,ret_mean,ret_std,volumeto_mean,close_mean,cluster_kmeans,cluster_dbscan,cluster_hclust
ada,0.002760574139630776,0.03680095895140483,83294407.58554825,0.39650877192982453,1,0,0
bnb,0.0023536377427468163,0.026939507977012212,603415.4828837719,292.4425438596491,1,1,0
btc,0.0035069516506497,0.02500628438504593,3673615818.798311,33781.545657894734,2,2,1
doge,0.00330121890588401,0.04035505155674853,214967236.3177193,0.08242721491228071,1,0,0
eth,0.002782342126451399,0.02634654784059156,392548.2242774123,2019.1501315789474,1,1,0
ltc,0.0015103501426085774,0.03641846100617173,106952815.73107457,80.2422149122807,1,0,0
sol,0.007860545565403936,0.05089464513943016,5536148.10297807,48.12307017543859,0,3,2
xrp,0.002252162219754944,0.046674965686452144,309051169.30309206,0.525139254385965,1,0,0
