,rmse,mae,mape
ada,0.04024030897227444,0.0305711003624991,5.185991463698484
bnb,31.452012251188403,20.78406008602528,4.687192950465975
btc,3516.6675109467815,2548.374032654495,4.589249572391025
doge,0.014016899095620948,0.008274661519125606,6.079186578609787
eth,263.2955080165613,187.85297917398174,6.205359922274186
ltc,5.550317920783556,3.8633324063761854,4.736021085872575
sol,11.427620192637248,9.514846122827423,8.223984366757177
xrp,0.024103601956434906,0.01711500817952531,2.8833052557149332
