,mae,rmse,mape
ada,0.07114047129377306,0.08405332321747477,12.150018942754508
bnb,87.5047416740391,134.50325787528374,17.453897978326932
btc,11563.414209940418,15848.359727496152,18.48090368781104
doge,0.03211089284327988,0.04803083774312147,22.167076052167626
eth,632.6640764439582,850.9952073306052,18.758672868837067
ltc,8.596381091629949,11.965824704876196,10.171363737281931
sol,26.73361732183854,41.619328570372815,17.239045782816465
xrp,0.05430357099623187,0.06566175067895838,9.907907267996592
