,rmse,mae,mape
ada,0.07368783508146595,0.06068135050535202,9.57084525549537
btc,4146.63171835857,3248.1010351562527,4.957409743563557
eth,486.74174461214386,443.05219970703126,12.869998594276504
