,rmse,mae,mape
ada,0.05045908417933405,0.03696692488193512,5.853115375663831
btc,3574.0581508199116,2859.249257812502,4.346495249279597
eth,419.61747568038817,365.7578424072266,10.651928094794243
