,mae,rmse,mape
ada,0.09432232736503106,0.10281768671458134,14.703791322557613
btc,3389.5247599937775,4320.746194864202,5.142925633428462
eth,722.8921882822794,775.8126295508769,20.743915218889384
